Model,F1_Score,PR_AUC
Logistic Regression,0.6955293335549277,0.7461739555153412
Tuned Random Forest,0.9332219204790753,0.9804242564983091
XGBoost Baseline,0.8402571334197221,0.935274053742734
